id,created_at,api_key_id,oauth_grant_id,user_agent,method,endpoint,response_status
ea663c8f-8f50-4418-9266-e5f93aa5ddcf,2026-07-28 06:39:01.306847+00,81189cc2-f008-4a15-9ee7-28b339c599ac,,node,POST,/emails,200
e9188996-fa4b-4fa2-842d-bf22d26e4cb7,2026-07-28 06:39:10.220303+00,81189cc2-f008-4a15-9ee7-28b339c599ac,,node,POST,/emails,200
1004dd73-eb6f-4141-8f70-55cfabb135dc,2026-07-28 07:15:57.790573+00,81189cc2-f008-4a15-9ee7-28b339c599ac,,node,POST,/emails,200
0c1f9718-b3b8-4a7b-8876-5ce112235390,2026-07-28 07:16:39.081766+00,81189cc2-f008-4a15-9ee7-28b339c599ac,,node,POST,/emails,200
0e859256-ee7b-4d93-84fa-a33e7d59342d,2026-07-28 07:36:13.770393+00,81189cc2-f008-4a15-9ee7-28b339c599ac,,node,POST,/emails,200
6a2354a1-31c6-46b5-a4b9-443306897500,2026-07-28 07:42:55.269476+00,81189cc2-f008-4a15-9ee7-28b339c599ac,,node,POST,/emails,200
c8d82dde-d4d9-4187-ba22-91d88429d2bc,2026-07-28 07:53:20.722853+00,81189cc2-f008-4a15-9ee7-28b339c599ac,,node,POST,/emails,200
9286e9c3-721f-4a5b-b1da-1b7e0f4c11bc,2026-07-28 07:58:14.368615+00,81189cc2-f008-4a15-9ee7-28b339c599ac,,node,POST,/emails,200
2c559d84-b8e9-4b0b-be09-bdcafd9c5cc3,2026-07-28 08:01:38.140311+00,81189cc2-f008-4a15-9ee7-28b339c599ac,,node,POST,/emails,200
4356b375-a6fd-45c6-a0a4-2fb448a8f555,2026-07-28 08:06:26.490295+00,81189cc2-f008-4a15-9ee7-28b339c599ac,,node,POST,/emails,200
1607c240-32cb-43fd-ac60-f034416c3908,2026-07-28 08:09:20.738983+00,81189cc2-f008-4a15-9ee7-28b339c599ac,,node,POST,/emails,200
5e5ea554-b961-4dce-8140-c1e1c7b8a3b7,2026-07-28 08:10:03.778593+00,81189cc2-f008-4a15-9ee7-28b339c599ac,,node,POST,/emails,200
20b09ceb-b928-4688-967e-5b7eecb2232b,2026-07-28 08:10:53.35236+00,81189cc2-f008-4a15-9ee7-28b339c599ac,,node,POST,/emails,200
26feacda-ec98-4b6d-a50a-d2795696d62c,2026-07-28 08:17:39.82993+00,81189cc2-f008-4a15-9ee7-28b339c599ac,,node,POST,/emails,200
abc50c77-991f-4783-8bd9-d5785f39a414,2026-07-28 08:24:56.14266+00,81189cc2-f008-4a15-9ee7-28b339c599ac,,node,POST,/emails,200
a1c602cf-5477-4fb8-a05b-1719bd6d81fb,2026-07-28 09:01:00.268646+00,81189cc2-f008-4a15-9ee7-28b339c599ac,,node,POST,/emails,200